Código;Local/Unidade
01.01.0007.01.0001;ADMINISTRACAO
01.01.0007.04.0001;ADMINISTRAÇÃO - INTERMITENTES
01.01.0057;ADMINISTRATIVO LIC MATERNIDADE
01.01.0026;ADVOCACIA GERAL DA UNIAO - ACRE
01.01.0022;ADVOCACIA GERAL DA UNIAO - RONDONIA
01.01.0089;AFASTADO INSS
01.01.0089.01.0001;AFASTADO INSS 
01.01.0008;AGENCIA AMAZONENSE DE DESENVOLVIMENTO CULTURAL
01.01.0023.01.0001;AGÊNCIA NACIONAL DE MINERAÇÃO
01.01.0023;AGENCIA NACIONAL DE MINERACAO - RONDONIA
01.01.0022.01.0001;AGU - PORTO VELHO
01.01.0022.01.0002;AGU - RIO BRANCO
01.01.0026.01.0002;AGU - RIO BRANCO
01.01.0078;APRENDIZES
01.01.0078.01;APRENDIZES
01.01.0078.01.0001;APRENDIZES
01.01.0015;BARCO
01.01.0015.01.0001;BARCO
01.01.0015.02.0001;BARCO - NAO PAGAR
01.01.0049;CENTRO DE PESQUISA LEONIDAS MARIA DEANE
01.01.0074.01;CETAM
01.01.0074.01.0014;CETAM - ALVARAES
01.01.0074.01.0015;CETAM - AUTAZES
01.01.0074.01.0016;CETAM - BORBA
01.01.0074.01.0017;CETAM - CAAPIRANGA
01.01.0074.01.0018;CETAM - CARAUARI
01.01.0074.01.0019;CETAM - CAREIRO CASTANHO
01.01.0074.01.0002;CETAM - CAREIRO DA VARZEA
01.01.0074.01.0020;CETAM - CODAJAS
01.01.0074.01.0004;CETAM - GASTRONOMIA
01.01.0074.01.0021;CETAM - HUMAITA
01.01.0074.02.0001;CETAM - INTERMITENTE
01.01.0074.01.0022;CETAM - IRANDUBA
01.01.0074.01.0023;CETAM - MANACAPURU
01.01.0074.01.0024;CETAM - MANAQUIRI
01.01.0074.01.0027;CETAM - MANAUS ANIBAL BEÇA
01.01.0074.01.0025;CETAM - MANICORE
01.01.0074.01.0026;CETAM - MAUES
01.01.0074.01.0007;CETAM - NOVO AIRÃO
01.01.0074.01.0008;CETAM - NOVO ARIPUANA
01.01.0074.01.0009;CETAM - PARINTINS
01.01.0074.01.0003;CETAM - PRES. FIGUEIREDO
01.01.0074.01.0006;CETAM - PRESIDÊNCIA
01.01.0074.01.0010;CETAM - RIO PRETO DA EVA
01.01.0074.01.0011;CETAM - S. GABRIEL DA CACHOEIRA
01.01.0074.01.0012;CETAM - TABATINGA
01.01.0074.01.0013;CETAM - TAPAUA
01.01.0074.01.0005;CETAM - ZONA LESTE
01.01.0074;CETAM CENTRO DE EDUCACAO TECNOLOGICA DO AMAZONAS
01.01.0062;CONDOMINIO RESIDENCIAL PARADISE LAKE
01.01.0040;CONS. REGIONAL DE ENG. E AGRO. - BAHIA
01;CONTATO SERVICOS DE CONSERVACAO E MANUTENCAO LTDA
01.01.0087.01.0001;CONTRATOS EM TRANSICAO ADMINISTRATIVO CONTATO
01.01.0038;DEFENSORIA PUBLICA DA UNIAO - SAO PAULO
01.01.0019;DELEGACIA DA RECEITA FEDERAL - ACRE
01.01.0073;DELEGACIA DA RECEITA FEDERAL - AEROPORTO
01.01.0043;DELEGACIA DA RECEITA FEDERAL - MANAUS
01.01.0017;DELEGACIA DA RECEITA FEDERAL - RORAIMA
01.01.0061;DELEGACIA DA RECEITA FEDERAL DO BRASIL
01.01.0007;DEPARTAMENTO ADMINISTRATIVO
01.01.0004;DEPARTAMENTO ESTADUAL DE TRANSITO
01.01.0007.01;DESPESAS ADMINISTRATIVAS
01.01.0007.02;DESPESAS ADMINISTRATIVAS OPERACIONAIS
01.01.0004.02.0001;DETRAN - INTERMITENTE
01.01.0004.01.0001;DETRAN - MANAUS
01.01.0007.01.0002;DIRETORIA EXECUTIVA
01.01.0007.01.0003;DIRETORIA FINANCEIRA
01.01.0037;DIST SANITARIO ESPECIAL INDIGENA - INTERIOR SUL
01.01.0028;DPTO. NACIONAL DE INFRAESTRUTURA DE TRANSP. - ACRE
01.01.0073.01.0010;DRF - AEROPORTO
01.01.0061.01.0013;DRF - BAURU
01.01.0073.01.0012;DRF - COMPLEXO SEDE
01.01.0073.01.0013;DRF - DEPOSITO
01.01.0012;DSEI - ALTAMIRA
01.01.0084;ESTAGIARIO
01.01.0084.01.0001;ESTAGIARIOS
01.01.0001.01.0006;FAAR - AMADEU TEIXEIRA
01.01.0001.01.0005;FAAR - ARENA AMAZONIA
01.01.0001.01.0010;FAAR - CARLOS ZAMITH
01.01.0001.01.0008;FAAR - COLINA
01.01.0001.01.0002;FAAR - CONSERVAÇÃO
01.01.0001.01.0009;FAAR - OSVALDO FROTA
01.01.0001.01.0007;FAAR - RENNE MONTEIRO
01.01.0001.01.0004;FAAR - VILA OLIMPICA
01.01.0001;FAAR MANUTENCAO E CONSERVACAO
01.01.0049.01.0002;FIOCRUZ - CONSERVAÇÃO
01.01.0049.01.0004;FIOCRUZ - FUNASA
01.01.0049.01.0003;FIOCRUZ - LÊONIDAS MARIA DEANE
01.01.0049.01.0001;FIOCRUZ - MANAUS
01.01.0027.01.0001;FUFMT - CUIABA
01.01.0054.01.0002;FUFMT - PONTAL DO ARAGUAIA
01.01.0053;FUNASA - BA
01.01.0053.01.0001;FUNASA - SALVADOR   01
01.01.0072;FUNDAÇÃO DE ALTO RENDIMENTO - ADM
01.01.0009;FUNDAÇÃO DE ALTO RENDIMENTO - APOIO ADM
01.01.0002;FUNDACAO DE ALTO RENDIMENTO - CONSERVACAO
01.01.0006;FUNDACAO MUNICIPAL DE CULTURA, TURISMO E EVENTOS
01.01.0034;FUNDACAO NACIONAL DO INDIO - FUNAI
01.01.0014;ICMBIO - MATO GROSSO
01.01.0021;ICMBIO - TOCANTINS
01.01.0075;IF RN - MOSSORO
01.01.0076.01.0001;IFAM - IRANDUBA
01.01.0077.01.0002;IFAM - MANACAPURU
01.01.0088;IFAM TEFE
01.01.0088.01.0001;IFAM TEFE
01.01.0042.01.0003;IFFAR - CAMPUS ALEGRETE
01.01.0042.01.0002;IFFAR - FREDERICO WESTPHALEN
01.01.0042.01.0001;IFFAR - URUGUAIANA
01.01.0047.01.0001;IFMS - CORUMBA
01.01.0047.01.0003;IFMS - NOVA ANDRADINA
01.01.0047.01.0002;IFMS - TRES LAGOAS
01.01.0058.01.0001;IFP - ITABAINA
01.01.0082.01.0008;IFRN - CANGUARETAMA
01.01.0064;IFRN - CEARA MIRIM
01.01.0063;IFRN - CIDADE ALTA RIO BRANCO
01.01.0065;IFRN - CIDADE ALTA ROCAS
01.01.0066;IFRN - CURRAIS NOVOS
01.01.0080.01.0009;IFRN - LAJES
01.01.0075.01.0010;IFRN - MOSSORO
01.01.0056.01.0001;IFRN - NATAL CENTRAL
01.01.0068;IFRN - PARELHAS
01.01.0081.01.0012;IFRN - PARNAMIRIM
01.01.0069;IFRN - RETORIA
01.01.0067;IFRN - SAO GONCALO
01.01.0082;IFRN CANGUARETAMA
01.01.0080;IFRN LAJES
01.01.0081;IFRN PARNAMIRIM
01.01.0045.01.0001;IFSMG - MUZAMBINHO
01.01.0005.01.0002;IMPLURB - ARQUIVO
01.01.0005.01.0003;IMPLURB - PONTA NEGRA
01.01.0005.01.0001;IMPLURB - SEDE
01.01.0059;IMPLURB - SEDE
01.01.0005.01.0004;IMPLURB - VPRESHAF
01.01.0058;INS FEDERAL DE COMUNIC CIEN E TECNOLOGIA-PARAIBA
01.01.0025;INST PATRIMONIO HISTORIOCO ART NACIONAL - PARAIBA
01.01.0024;INSTITUTO DE SAUDE E BIOTECNOLOGIA - COARI
01.01.0035;INSTITUTO DO PATRIMONIO HISTORICO - ALAGOAS
01.01.0033;INSTITUTO DO PATRIMONIO HISTORICO - GOIAS
01.01.0048;INSTITUTO FEDERAL - ES
01.01.0044;INSTITUTO FEDERAL CATARINENSE
01.01.0060;INSTITUTO FEDERAL CEARA
01.01.0032;INSTITUTO FEDERAL DA PARAIBA
01.01.0042;INSTITUTO FEDERAL DE FARROUPILHAS
01.01.0045;INSTITUTO FEDERAL DE MUZAMBINHO
01.01.0071;INSTITUTO FEDERAL DE MUZAMBINHO - SUL DE MINAS
01.01.0076;INSTITUTO FEDERAL DO AMAZONAS - IRANDUBA
01.01.0077;INSTITUTO FEDERAL DO AMAZONAS - MANACAPURU
01.01.0052;INSTITUTO FEDERAL MG - RIO POMBA
01.01.0036;INSTITUTO FEDERAL MINAS GERAIS - CAMPUS ARACUAI
01.01.0047;INSTITUTO FEDERAL MS
01.01.0056;INSTITUTO FEDERAL RN - NATAL
01.01.0031;INSTITUTO FEDERAL RS - CAMPUS CANOAS
01.01.0005;INSTITUTO MUNICIPAL DE PLANEJAMENTO URBANO
01.01.0007.03;INSTITUTO PCD
01.01.0007.03.0001;INSTITUTO PCD
01.01.0083;INTERMITENTE
01.01.0035.01.0006;IPHAN - ALAGOAS
01.01.0033.01.0002;IPHAN - CIDADE DE GOIAS
01.01.0033.01.0001;IPHAN - GOIANIA
01.01.0025.01.0005;IPHAN - JOAO PESSOA
01.01.0033.01.0007;IPHAN - PIRENOPOLIS
01.01.0024.01.0001;ISB - COARI
01.01.0050.01.0009;JUSTIÇA FEDERAL - ARARANGUA
01.01.0050.01.0006;JUSTIÇA FEDERAL - CRICIUMA
01.01.0050.01.0002;JUSTIÇA FEDERAL - JARAGUÁ DO SUL
01.01.0050.01.0003;JUSTIÇA FEDERAL - JOINVILE
01.01.0050.01.0007;JUSTIÇA FEDERAL - LAGUNA
01.01.0050.01.0004;JUSTIÇA FEDERAL - MAFRA
01.01.0051.01.0001;JUSTIÇA FEDERAL - PORTO VELHO
01.01.0051;JUSTICA FEDERAL - RONDONIA
01.01.0050.01.0005;JUSTIÇA FEDERAL - SÃO FRANCISCO DO SUL
01.01.0050;JUSTICA FEDERAL - SC
01.01.0050.01.0008;JUSTIÇA FEDERAL - TUBARÃO
01.01.0057.01.0001;LICENÇA MATERNIDADE
01.01.0090;LICENÇA SEM VENCIMENTO
01.01.0090.01.0001;LICENÇA SEM VENCIMENTO
01.01.0046;MINIST. DA AGRICULTURA, PECUARIA E ABASTECIMENTO
01.01.0016;MINISTERIO DA AGRICULTURA - RONDONIA
01.01.0039.01.0004;MPF - CAMPINA GRANDE
01.01.0039.01.0005;MPF - JOAO PESSOA
01.01.0020.01.0006;MPF - MANAUS
01.01.0039.01.0001;MPF - PATOS
01.01.0039.01.0003;MPF - SOUSA
01.01.0070.01.0008;PRF - AGUA PRETA
01.01.0070.01.0006;PRF - CANIL
01.01.0070.01.0016;PRF - CARUARU
01.01.0070.01.0009;PRF - FLORESTA
01.01.0070.01.0015;PRF - GARANHUS
01.01.0070.01.0010;PRF - GRAVATA
01.01.0070.01.0005;PRF - HANGAR
01.01.0070.01.0011;PRF - IGARASSU
01.01.0070.01.0012;PRF - OURICURI
01.01.0070.01.0004;PRF - PETROLINA
01.01.0070.01.0013;PRF - RAJADA
01.01.0070.01.0001;PRF - RECIFE
01.01.0070.01.0003;PRF - SALGUEIRO
01.01.0070.01.0017;PRF - SANTA MARIA DA BOA VISTA
01.01.0070.01.0014;PRF - SÃO CAETANO
01.01.0070.01.0002;PRF - SERRA TALHADA
01.01.0070.01.0018;PRF - SERTANIA
01.01.0070.01.0019;PRF - TREVO DO IBO
01.01.0020;PROCURADORIA DA REPUBLICA - MANAUS
01.01.0039;PROCURADORIA DA REPUBLICA - PARAIBA
01.01.0041;RADIO TARUMA LTDA  - ACRITICA
01.01.0091;RESCISAO INDIRETA
01.01.0091.01.0001;RESCISÃO INDIRETA
01.01.0010;SECRETARIA DE ESTADO DE EDUCACAO E DESPORTO
01.01.0011;SECRETARIA DE ESTADO DE EDUCACAO E DESPORTO ESCOLA
01.01.0003;SECRETARIA DO ESTADO DE CULTURA SEC
01.01.0086;SECRETARIA MUNICIPAL DE HABITAÇÃO E ASSUNTOS FUNDIARIOS
01.01.0085;SECRETARIA MUNICIPAL DE SAUDE SEMSA
01.01.0011.01.0029;SEDUC - COORDENADORIA 1
01.01.0011.01.0026;SEDUC - COORDENADORIA 2
01.01.0011.01.0004;SEDUC - COORDENADORIA 3
01.01.0011.01.0014;SEDUC - COORDENADORIA 4
01.01.0011.01.0006;SEDUC - COORDENADORIA 6
01.01.0011.01.0009;SEDUC - COORDENADORIA 7
01.01.0011.01.0011;SEDUC - DEPOSITO ALIMENTAÇÃO
01.01.0011.01.0012;SEDUC - DEPOSITO TORQUATO
01.01.0011.01.0002;SEDUC - DEPOSITO V8
01.01.0011.01;SEDUC - ESCOLA
01.01.0011.02;SEDUC - INTERIOR
01.01.0010.01.0001;SEDUC - MANAUS
01.01.0010.01.0091;SEDUC - MANAUS - RESCISÃO INDIRETA
01.01.0010.01.0015;SEDUC ESCOLA - AMELIA BITTENCOURT
01.01.0011.01.0132;SEDUC ESCOLA - AMELIA BITTENCOURT
01.01.0011.01.0018;SEDUC ESCOLA - ANTONIO TELLES
01.01.0011.01.0017;SEDUC ESCOLA - AUGUSTO CARNEIRO
01.01.0011.01.0043;SEDUC ESCOLA - AUREA PINHEIRO
01.01.0011.01.0027;SEDUC ESCOLA - BALBINA MESTRINHO
01.01.0011.01.0031;SEDUC ESCOLA - CACILDA BRAULE
01.01.0011.01.0133;"SEDUC ESCOLA - CARVALHO LEAL
"
01.01.0010.01.0028;SEDUC ESCOLA - CARVALHO LEAL
01.01.0011.01.0050;SEDUC ESCOLA - CECILIA FERREIRA
01.01.0011.01.0047;SEDUC ESCOLA - CLEOMENES
01.01.0011.01.0005;SEDUC ESCOLA - CMPM V
01.01.0011.01.0034;SEDUC ESCOLA - COORDENADORIA 5
01.01.0011.01.0008;SEDUC ESCOLA - DARIANA ZULEICA
01.01.0010.01.0049;SEDUC ESCOLA - DEMOSTENES BELDUQUE
01.01.0011.01.0134;SEDUC ESCOLA - DEMOSTENES BELDUQUE
01.01.0011.01.0025;SEDUC ESCOLA - DIOFANTO VIEIRA
01.01.0011.01.0045;SEDUC ESCOLA - DJALMA BATISTA
01.01.0011.01.0127;SEDUC ESCOLA - E.E ANTONIO NUNES JIMENEZ
01.01.0011.01.0130;SEDUC ESCOLA - E.E. ROSINA F. DA SILVA
01.01.0011.01.0051;SEDUC ESCOLA - ELISA BESSA
01.01.0011.01.0137;SEDUC ESCOLA - ENCARREGADO
01.01.0011.01.0042;SEDUC ESCOLA - ERNANE NASCIMENTO
01.01.0011.01.0129;SEDUC ESCOLA - ESC ESTADUAL PADRE PEDRO GISLANDY
01.01.0011.01.0024;SEDUC ESCOLA - FRANCISCO ALBUQUERQUE
01.01.0011.01.0021;SEDUC ESCOLA - FREI SILVIO
01.01.0011.01.0010;SEDUC ESCOLA - GARCITYLZO
01.01.0011.01.0007;SEDUC ESCOLA - HOMERO DE MIRANDA LEÃO
01.01.0011.01.0040;SEDUC ESCOLA - IRMÃ GABRIELLE
01.01.0011.01.0041;SEDUC ESCOLA - IRMÃ GABRIELLE ANEXO
01.01.0011.01.0046;SEDUC ESCOLA - JAIRO DA SILVA
01.01.0011.01.0038;SEDUC ESCOLA - MANOEL RODRIGUES
01.01.0011.01.0039;SEDUC ESCOLA - MANUEL ANTONIO
01.01.0011.01.0013;SEDUC ESCOLA - MARIA AMELIA
01.01.0010.01.0033;SEDUC ESCOLA - MARIA ARMINDA
01.01.0011.01.0135;SEDUC ESCOLA - MARIA ARMINDA
01.01.0011.01.0037;SEDUC ESCOLA - MARIA MADALENA
01.01.0011.01.0035;SEDUC ESCOLA - MARIA TEIXEIRA GOES
01.01.0011.01.0022;SEDUC ESCOLA - MARQUES DE SANTA CRUZ
01.01.0011.01.0030;SEDUC ESCOLA - MAYARA REDMAN
01.01.0011.01.0019;SEDUC ESCOLA - PAULO FREIRE
01.01.0011.01.0128;SEDUC ESCOLA - PROF. JACIRA CABOCLO
01.01.0011.01.0032;SEDUC ESCOLA - REINALDO THOMPSON
01.01.0011.01.0091;SEDUC ESCOLA - RESCISÃO INDIRETA
01.01.0011.01.0020;SEDUC ESCOLA - RIBEIRO DA CUNHA
01.01.0011.01.0044;SEDUC ESCOLA - RODERICK CASTELO BRANCO
01.01.0011.01.0003;SEDUC ESCOLA - TEREZINHA DE ALMEIDA
01.01.0011.01.0048;SEDUC ESCOLA - VASCO VASQUES
01.01.0011.01.0023;SEDUC ESCOLA - VICENTE SCHETTINI
01.01.0011.01.0136;SEDUC ESCOLA - WALDIR GARCIA
01.01.0011.01.0131;SEDUC ESCOLA ESTADUAL - PROF JORGE KARAM NETO
01.01.0011.02.0053;SEDUC INTERIOR - CENTRO EDUCACIONAL D.MARZI
01.01.0011.02.0055;SEDUC INTERIOR - CETI AURISTELIO S DE OL
01.01.0011.02.0056;SEDUC INTERIOR - CETI BENEDITA BARBOSA D
01.01.0011.02.0057;SEDUC INTERIOR - CETI CALIXTO RIBEIRO
01.01.0011.02.0058;SEDUC INTERIOR - CETI NEUZA ALVES
01.01.0011.02.0060;SEDUC INTERIOR - CETI PEDRO ALVES DA SIL
01.01.0011.02.0132;SEDUC INTERIOR - CETI PROF MARIA DAS GRACAS LIMA DE MELO
01.01.0011.02.0122;SEDUC INTERIOR - E. E. AMATURA
01.01.0011.02.0070;SEDUC INTERIOR - E. E. ANTONIO FERREIRA
01.01.0011.02.0062;SEDUC INTERIOR - E. E. ARMANDO BERREDO
01.01.0011.02.0072;SEDUC INTERIOR - E. E. ARMANDO DE SOUZA
01.01.0011.02.0073;SEDUC INTERIOR - E. E. ARMANDO MENDES
01.01.0011.02.0074;SEDUC INTERIOR - E. E. BELARMINO G.ALBUQ
01.01.0011.02.0075;SEDUC INTERIOR - E. E. CARAUARI
01.01.0011.02.0076;SEDUC INTERIOR - E. E. CEL.ALFREDO MARQU
01.01.0011.02.0077;SEDUC INTERIOR - E. E. CICERO LOPES
01.01.0011.02.0078;SEDUC INTERIOR - E. E. CONRADO PINTO GOM
01.01.0011.02.0079;SEDUC INTERIOR - E. E. DESMB. JOAO REBEL
01.01.0011.02.0080;SEDUC INTERIOR - E. E. DOM BOSCO
01.01.0011.02.0081;SEDUC INTERIOR - E. E. EDUARDO RIBEIRO
01.01.0011.02.0082;SEDUC INTERIOR - E. E. EURICO GASPAR DUT
01.01.0011.02.0083;SEDUC INTERIOR - E. E. FRANCIDENE SOARES
01.01.0011.02.0084;SEDUC INTERIOR - E. E. FRANCISCA MENDES
01.01.0011.02.0117;SEDUC INTERIOR - E. E. GILBERTO MESTRINHO
01.01.0011.02.0085;SEDUC INTERIOR - E. E. I CACIQUE MANUEL
01.01.0011.02.0086;SEDUC INTERIOR - E. E. I CORONEL RAIMUND
01.01.0011.02.0087;SEDUC INTERIOR - E. E. I GENESIO CUSTODI
01.01.0011.02.0088;SEDUC INTERIOR - E. E. I GILDO SAMPAIO
01.01.0011.02.0089;SEDUC INTERIOR - E. E. I MANUEL JOAQUIM
01.01.0011.02.0090;SEDUC INTERIOR - E. E. I N.S.IMAC.CONCEI
01.01.0011.02.0091;SEDUC INTERIOR - E. E. I POGUTA
01.01.0011.02.0092;SEDUC INTERIOR - E. E. I PROFª ROSA CRUZ
01.01.0011.02.0066;SEDUC INTERIOR - E. E. INDIGENA DOM PEDR
01.01.0011.02.0093;SEDUC INTERIOR - E. E. IPIXUNA
01.01.0011.02.0094;SEDUC INTERIOR - E. E. IZAURA TORRES
01.01.0011.02.0095;SEDUC INTERIOR - E. E. JOÃO CONRADO
01.01.0011.02.0067;SEDUC INTERIOR - E. E. JOSE CARLOS MARTI
01.01.0011.02.0064;SEDUC INTERIOR - E. E. MADRE REGINA
01.01.0011.02.0130;SEDUC INTERIOR - E. E. MARIA EMÍLIA
01.01.0011.02.0065;SEDUC INTERIOR - E. E. MARIZITA
01.01.0011.02.0068;SEDUC INTERIOR - E. E. MONS E. DE CEFALÔ
01.01.0011.02.0096;SEDUC INTERIOR - E. E. MONS. E. DE CEFAL
01.01.0011.02.0097;SEDUC INTERIOR - E. E. N.S. DAS DORES
01.01.0011.02.0098;SEDUC INTERIOR - E. E. NAIR ALVES DA SIL
01.01.0011.02.0099;SEDUC INTERIOR - E. E. NOVO CEU
01.01.0011.02.0100;SEDUC INTERIOR - E. E. OSVALDO NASCIMENT
01.01.0011.02.0101;SEDUC INTERIOR - E. E. PIO VEIGA
01.01.0011.02.0102;SEDUC INTERIOR - E. E. PRESIDENTE CASTEL
01.01.0011.02.0103;SEDUC INTERIOR - E. E. PRESIDENTE VARGAS
01.01.0011.02.0104;SEDUC INTERIOR - E. E. PROF CHAGAS MATOS
01.01.0011.02.0106;SEDUC INTERIOR - E. E. PROF DARIA GABRIE
01.01.0011.02.0108;SEDUC INTERIOR - E. E. PROF JOHANNES PET
01.01.0011.02.0105;SEDUC INTERIOR - E. E. PROF NAZARE VAREL
01.01.0011.02.0109;SEDUC INTERIOR - E. E. RAIMUNDO SÁ
01.01.0011.02.0120;SEDUC INTERIOR - E. E. ROMERITO BRITO
01.01.0011.02.0110;SEDUC INTERIOR - E. E. ROSA GARCIA
01.01.0011.02.0111;SEDUC INTERIOR - E. E. SANTO ANTONIO
01.01.0011.02.0112;SEDUC INTERIOR - E. E. SANTOS DUMONT
01.01.0011.02.0125;SEDUC INTERIOR - E. E. SAO CRISTOVAO
01.01.0011.02.0063;SEDUC INTERIOR - E. E. SÃO FRANCISCO
01.01.0011.02.0113;SEDUC INTERIOR - E. E. SÃO JOSÉ
01.01.0011.02.0114;SEDUC INTERIOR - E. E. SATURNINO MARÃES
01.01.0011.02.0115;SEDUC INTERIOR - E. E. SERGIO RUFINO DE
01.01.0011.02.0116;SEDUC INTERIOR - E. E. VEREADOR LAURO DE
01.01.0011.02.0126;SEDUC INTERIOR - E. E. VIDAL DE MELO
01.01.0011.02.0131;SEDUC INTERIOR - E.E. DEUZALINA P. RIBEIRO
01.01.0011.02.0054;SEDUC INTERIOR - SEDE DA COORDENADORIA
01.01.0086.01.0001;SEMHAF
01.01.0085.01.0111;SEMSA - ADM
01.01.0085.01.0032;SEMSA - ARTHUR VIRGILIO
01.01.0085.01.0011;SEMSA - C DE REABILITAÇÃO PROF ROY GRACE
01.01.0085.01.0003;SEMSA - CAPS AD DR. AFRANIO SOARES
01.01.0085.01.0108;SEMSA - CAPS AD DRA ELIANA VITORINO SCHA
01.01.0085.01.0004;SEMSA - CAPS BENJAMIM MATIAS FERNANDES
01.01.0085.01.0002;SEMSA - CAPS INFANTO JUVENIL LESTE
01.01.0085.01.0005;SEMSA - CAPS INFANTO JUVENIL SUL
01.01.0085.01.0009;SEMSA - CENTRO DE ZOONOSES
01.01.0085.01.0006;SEMSA - CEO LESTE PROF DR. JAIR MACHADO
01.01.0085.01.0007;SEMSA - CEO NORTE DR. RUBIM SA
01.01.0085.01.0008;SEMSA - CEO SUL DR. JOSE F DE OLIVEIRA
01.01.0085.01.0022;SEMSA - CF CARLSON GRACIE
01.01.0085.01.0023;SEMSA - CF CARMEN NICOLAU
01.01.0085.01.0024;SEMSA - CF DESEMBARGADOR FABIO COUTO
01.01.0085.01.0025;SEMSA - CF DR. ANTONIO REIS
01.01.0085.01.0027;SEMSA - CF SEVERIANO NUNES
01.01.0085.01.0028;SEMSA - CF WALDIR BUGALHO
01.01.0085.01.0036;SEMSA - DR. JOSE AVELINO PEREIRA
01.01.0085.01.0037;SEMSA - DR. LUIZ MONTENEGRO
01.01.0085.01.0040;SEMSA - DR. SILAS DE OLIVEIRA SANTOS
01.01.0085.01.0112;SEMSA - INTERMITENTE
01.01.0085.01.0084;SEMSA - LAB DE CITOPATOLOGIA SEBASTIAO MARINHO
01.01.0085.01.0018;SEMSA - LABORATORIO DE VIGILANCIA
01.01.0085.01.0012;SEMSA - LABORATORIO DISTRITAL LESTE
01.01.0085.01.0110;SEMSA - LABORATÓRIO DISTRITAL NORTE
01.01.0085.01.0014;SEMSA - LABORATORIO DISTRITAL OESTE
01.01.0085.01.0015;SEMSA - LABORATORIO DISTRITAL SUL
01.01.0085.01.0090;SEMSA - MOVEL
01.01.0085.01.0021;SEMSA - POL DR. JOSE ANTONIO DA SILVA
01.01.0085.01.0107;SEMSA - POL. DR. RAIMUNDO FRANCO DE SA
01.01.0085.01.0019;SEMSA - POLI DR. ANTONIO COMTE TELLES
01.01.0085.01.0017;SEMSA - POLICLINICA ANA BARRETO
01.01.0085.01.0016;SEMSA - POLICLINICA CASTELO BRANCO
01.01.0085.01.0020;SEMSA - POLICLINICA DR. DJALMA BATISTA
01.01.0085.01.0091;SEMSA - RESCISÃO INDIRETA
01.01.0085.01.0001;SEMSA - SEDE
01.01.0085.01.0029;SEMSA - UBS AJURICABA
01.01.0085.01.0078;SEMSA - UBS ALFREDO CAMPOS
01.01.0085.01.0030;SEMSA - UBS ALMIR PEDREIRA
01.01.0085.01.0031;SEMSA - UBS ARMANDO MENDES
01.01.0085.01.0079;SEMSA - UBS AUGIAS GADELHA
01.01.0085.01.0033;SEMSA - UBS BAIRRO DA PAZ
01.01.0085.01.0109;SEMSA - UBS BALBINA MESTRINHO
01.01.0085.01.0083;SEMSA - UBS BIANCA DE CARVALHO
01.01.0085.01.0034;SEMSA - UBS CACILDA DE FREITAS
01.01.0085.01.0081;SEMSA - UBS DEODATO DE MIRANDA LEÃO
01.01.0085.01.0035;SEMSA - UBS DOM MILTON CORREA
01.01.0085.01.0085;SEMSA - UBS DR. JOSE AMAZONAS PALHANO
01.01.0085.01.0086;SEMSA - UBS DR. JOSE RAYOL DOS SANTOS
01.01.0085.01.0038;SEMSA - UBS DR. PLATÃO ARAUJO
01.01.0085.01.0041;SEMSA - UBS DRA. LUIZA DO CARMO RIBEIRO
01.01.0085.01.0042;SEMSA - UBS ENF IVONE LIMA
01.01.0085.01.0043;SEMSA - UBS FATIMA ANDRADE
01.01.0085.01.0044;SEMSA - UBS FRANK ROSEMBERG CALDERON
01.01.0085.01.0045;SEMSA - UBS FREI VALERIO DI CARLO
01.01.0085.01.0046;SEMSA - UBS GEBES DE MEDEIROS
01.01.0085.01.0047;SEMSA - UBS GERALDO MAGELA
01.01.0085.01.0082;SEMSA - UBS GILSON MOREIRA
01.01.0085.01.0048;SEMSA - UBS GUILHERME ALEXANDRE
01.01.0085.01.0049;SEMSA - UBS JAPIIM
01.01.0085.01.0050;SEMSA - UBS JOÃO NOGUEIRA
01.01.0085.01.0051;SEMSA - UBS JOSE FIGLIOUOLO
01.01.0085.01.0039;SEMSA - UBS JOSE RAYOL DOS SANTOS
01.01.0085.01.0052;SEMSA - UBS JOSEPHINA DE MELO
01.01.0085.01.0053;SEMSA - UBS LAGO DO ALEIXO
01.01.0085.01.0087;SEMSA - UBS LEONOR DE FREITAS
01.01.0085.01.0054;SEMSA - UBS LINDALVA DAMASCENO
01.01.0085.01.0055;SEMSA - UBS LOURENÇO BORGHI
01.01.0085.01.0056;SEMSA - UBS LUCIO FLAVIO DE VASCONCELOS
01.01.0085.01.0057;SEMSA - UBS LUIZ MONTENEGRO
01.01.0085.01.0058;SEMSA - UBS MANSOUR BULBOL
01.01.0085.01.0059;SEMSA - UBS MARIA IDA MENTONI
01.01.0085.01.0106;SEMSA - UBS MARIA LEONOR BRILHANTE
01.01.0085.01.0060;SEMSA - UBS MAUAZINHO
01.01.0085.01.0061;SEMSA - UBS MEGUMO KADO
01.01.0085.01.0088;SEMSA - UBS MJ PM SALVIO BELOTA
01.01.0085.01.0089;SEMSA - UBS MORRO DA LIBERDADE
01.01.0085.01.0063;SEMSA - UBS NILTON LINS
01.01.0085.01.0064;SEMSA - UBS NOVA ESPERANÇA
01.01.0085.01.0065;SEMSA - UBS PETROPOLIS
01.01.0085.01.0066;SEMSA - UBS REDENÇÃO
01.01.0085.01.0067;SEMSA - UBS SANTA LUZIA
01.01.0085.01.0068;SEMSA - UBS SANTO ANTONIO
01.01.0085.01.0069;SEMSA - UBS SANTOS DUMONT
01.01.0085.01.0070;SEMSA - UBS SAO FRANCISCO
01.01.0085.01.0071;SEMSA - UBS SÃO VICENTE DE PAULO
01.01.0085.01.0072;SEMSA - UBS THEODOMIRO GARRIDO
01.01.0085.01.0073;SEMSA - UBS THEOMARIO PINTO DA COSTA
01.01.0085.01.0074;SEMSA - UBS VICENTE PALOTTI
01.01.0085.01.0075;SEMSA - UBS VILA DA PRATA
01.01.0085.01.0076;SEMSA - UBSR ADA VIANA
01.01.0085.01.0077;SEMSA - UBSR EPHIGENIO SALLES
01.01.0085.01.0114;SEMSA - USF ILIDIO DE ALMEIDA LIMA
01.01.0085.01.0113;SEMSA - USF S-07
01.01.0007.02.0001;SETOR COMERCIAL
01.01.0007.02.0007;SETOR DE BARCOS
01.01.0007.01.0005;SETOR DE COMPRAS
01.01.0007.01.0008;SETOR DE CONTABILIDADE
01.01.0007.02.0003;SETOR DE CONTRATOS
01.01.0007.01.0009;SETOR DE DEPARTAMENTO DE PESSOAL
01.01.0007.02.0004;SETOR DE ESTOQUES
01.01.0007.01.0007;SETOR DE FATURAMENTO
01.01.0007.02.0002;SETOR DE MARKETING
01.01.0007.02.0005;SETOR DE OPERAÇÕES
01.01.0007.01.0010;SETOR DE RECURSOS HUMANOS
01.01.0007.01.0011;SETOR DE SEGURANÇA DO TRABALHO
01.01.0007.02.0006;SETOR DE SEGURANÇA PATRIMONIAL
01.01.0007.01.0012;SETOR DE TECNOLOGIA DA INFORMAÇÃO
01.01.0007.01.0006;SETOR FINANCEIRO
01.01.0007.01.0004;SETOR FISCAL
01.01.0070;SUPERINTENCIA DA POLICIA RODOVIARIA FEDERAL PE
01.01.0018.01.0001;SUPERINTENDENCIA DA RECEITA FEDERAL MS
01.01.0079.01.0003;TRE PB - ANEXO I DISTRITO
01.01.0079.01.0004;TRE PB - ANEXO VI NATU
01.01.0079.01.0005;TRE PB - FORUM ELEITORAL
01.01.0079.02.0001;TRE PB - INTERMITENTE
01.01.0079.01.0002;TRE PB - NOVO MUSEU
01.01.0079.01.0001;TRE PB - SEDE
01.01.0079;TRIBUNAL REGIONAL ELEITORAL DA PARAIBA
01.01.0013.01.0005;UEA - CARAUARI
01.01.0013.01.0012;UEA - ESA
01.01.0085.01.0100;UEA - ESA
01.01.0085.01.0104;UEA - ESAT
01.01.0013.01.0016;UEA - ESAT
01.01.0013.01.0017;UEA - ESCOLA DE DIREITO
01.01.0085.01.0105;UEA - ESCOLA DE DIREITO
01.01.0085.01.0101;UEA - EST
01.01.0013.01.0013;UEA - EST
01.01.0013.01.0002;UEA - HUMAITA
01.01.0013.01.0004;UEA - MANACAPURU
01.01.0013.01.0001;UEA - MANAUS
01.01.0013.01.0008;UEA - MANICORÉ
01.01.0085.01.0103;UEA - NAOPE
01.01.0013.01.0006;UEA - NOVO AIRÃO
01.01.0013.01.0009;UEA - NOVO ARIPUANÃ
01.01.0013.01.0014;UEA - POLICLINICA
01.01.0085.01.0102;UEA - POLICLINICA
01.01.0013.01.0010;UEA - PRESIDENTE FIGUEIREDO
01.01.0013.01.0007;UEA - SÃO GABRIEL DA CACHOEIRA
01.01.0013.01.0003;UEA - TABATINGA
01.01.0013.01.0011;UEA - UNATI
01.01.0055;UFAM
01.01.0029.01.0003;UFRB - FAZENDA EXPERIMENTAL
01.01.0029.01.0001;UFRB - HOSPITAL VETERINARIO
01.01.0029.01.0002;UFRB - NUCLEO DE MEIO AMBIENTE
01.01.0029;UNIV. FEDERAL DO RECONCAVO DA BAHIA
01.01.0013;UNIVERSIDADE DO ESTADO DO AMAZONAS
01.01.0054;UNIVERSIDADE FEDERAL
01.01.0030;UNIVERSIDADE FEDERAL - MINAS GERAIS
01.01.0027;UNIVERSIDADE FEDERAL DO MATO GROSSO